ip,mac,model,serial,digital_serial,state,days_left,end_date,
10.221.3.146,02:93:5D:07:4D:AB,Antminer_S21_Pro,YNAHFKABDJGAE1KC4,YNAHFKUBDJGAE1KC4,P1,10,8/21/2025 0:00,B31S1
10.221.6.34,02:89:25:04:5B:12,Antminer_S21_Pro,THQGFKABDJFJF0NTV,THQGFKUBDJFJF0NTV,P1,11,8/22/2025 0:00,B31S2
10.222.15.45,02:9D:FF:A7:51:F2,Antminer_S21_XP,THQGFMABDJHBC08KT,THQGFMUBDJHBC08KT,P1,71,10/21/2025 0:00,B32S4
10.222.25.145,02:9D:69:E2:77:65,Antminer_S21_XP,YNAHFMABDJIJC01Y2,YNAHFMUBDJIJC01Y2,P1,49,9/29/2025 0:00,B32S7
10.222.28.125,02:01:6B:7D:78:AE,Antminer_S21_XP,YNAHFMABDJIJC04EP,YNAHFMUBDJIJC04EP,P1,71,10/21/2025 0:00,B32S8
10.222.28.129,02:81:01:12:E0:20,Antminer_S21_XP,THQGFMABDJHBC07R7,THQGFMUBDJHBC07R7,P1,71,10/21/2025 0:00,B32S8
10.222.28.133,02:03:B5:73:C7:A2,Antminer_S21_XP,YNAHFMABDJIJC05T8,YNAHFMUBDJIJC05T8,P1,70,10/20/2025 0:00,B32S8
10.222.28.145,02:31:B1:76:77:A0,Antminer_S21_XP,YNAHFMABDJIJC0410,YNAHFMUBDJIJC0410,P1,71,10/21/2025 0:00,B32S8
10.222.28.241,02:9B:3F:72:B7:92,Antminer_S21_XP,THQGFMABDJHBC02V7,THQGFMUBDJHBC02V7,P1,35,9/15/2025 0:00,B32S8
10.222.28.63,02:9D:7B:F1:7E:6A,Antminer_S21_XP,THQGFMABDJHBC04LY,THQGFMUBDJHBC04LY,P1,68,10/18/2025 0:00,B32S8
10.222.28.84,02:05:87:CD:D6:E8,Antminer_S21_XP,THQGFMABDJHBC04W3,THQGFMUBDJHBC04W3,P1,68,10/18/2025 0:00,B32S8
10.222.29.150,02:BB:87:6D:09:2B,Antminer_S21_XP,NGSBFMABDJIAJ01JL,NGSBFMUBDJIAJ01JL,P1,49,9/29/2025 0:00,B32S8
10.222.31.23,02:83:F1:70:57:09,Antminer_S21_XP,YNAHFMABDJIJC051S,YNAHFMUBDJIJC051S,P1,71,10/21/2025 0:00,B32S8
10.222.31.27,02:AD:C9:DA:83:53,Antminer_S21_XP,PIEMFMABDJHBH03RG,PIEMFMUBDJHBH03RG,P1,54,10/4/2025 0:00,B32S8
10.222.31.93,02:99:41:14:00:3A,Antminer_S21_XP,PIEMFMABDJHBH00N2,PIEMFMUBDJHBH00N2,P1,54,10/4/2025 0:00,B32S8
10.223.0.214,02:2B:D7:29:42:9D,Antminer_S21_XP,THQGFMABDJHBC03AB,THQGFMUBDJHBC03AB,P1,42,9/22/2025 0:00,B33S1
10.223.0.238,02:3F:D1:8D:FC:45,Antminer_S21_XP,THQGFMABDJHBC02FP,THQGFMUBDJHBC02FP,P1,42,9/22/2025 0:00,B33S1
10.223.0.98,02:13:99:3A:0E:30,Antminer_S21_XP,NGSBFMABDJIAJ008E,NGSBFMUBDJIAJ008E,P1,47,9/27/2025 0:00,B33S1
10.223.1.12,02:93:B9:67:E4:08,Antminer_S21_XP,THQGFMABDJHBC036B,THQGFMUBDJHBC036B,P1,42,9/22/2025 0:00,B33S1
10.223.1.27,02:A9:4F:5E:3E:2B,Antminer_S21_XP,THQGFMABDJHBC038E,THQGFMUBDJHBC038E,P1,42,9/22/2025 0:00,B33S1
10.223.1.49,02:8B:2B:20:83:0F,Antminer_S21_XP,THQGFMABDJHBC034G,THQGFMUBDJHBC034G,P1,42,9/22/2025 0:00,B33S1
10.223.10.168,02:B3:7B:7D:95:1A,Antminer_S21_XP,THQGFMABDJHBC022F,THQGFMUBDJHBC022F,P1,42,9/22/2025 0:00,B33S3
10.223.10.207,02:19:67:50:1F:9B,Antminer_S21_XP,THQGFMABDJHBC036E,THQGFMUBDJHBC036E,P1,42,9/22/2025 0:00,B33S3
10.223.10.99,02:B3:77:77:64:9C,Antminer_S21_XP,NGSBFMABDJIAJ00XM,NGSBFMUBDJIAJ00XM,P1,48,9/28/2025 0:00,B33S3
10.223.14.80,02:8D:A3:D6:5E:DE,Antminer_S21_XP,PIEMFMABDJHBH03JM,PIEMFMUBDJHBH03JM,P1,47,9/27/2025 0:00,B33S4
10.223.14.96,02:A1:E5:16:61:28,Antminer_S21_XP,NGSBFMABDJIAJ00X0,NGSBFMUBDJIAJ00X0,P1,48,9/28/2025 0:00,B33S4
10.223.2.179,02:0B:0F:23:4E:15,Antminer_S21_XP,NGSBFMABDJIAJ00GR,NGSBFMUBDJIAJ00GR,P1,47,9/27/2025 0:00,B33S1
10.223.2.254,02:2F:A9:A8:18:6A,Antminer_S21_XP,PIEMFMABDJHBH01GV,PIEMFMUBDJHBH01GV,P1,42,9/22/2025 0:00,B33S1
10.223.3.143,02:01:A7:1C:02:81,Antminer_S21_XP,NGSBFMABDJIAJ0062,NGSBFMUBDJIAJ0062,P1,47,9/27/2025 0:00,B33S1
10.223.3.30,02:2D:9D:E9:86:CC,Antminer_S21_XP,PIEMFMABDJHBH03FS,PIEMFMUBDJHBH03FS,P1,47,9/27/2025 0:00,B33S1
10.223.3.4,02:25:75:D2:DA:46,Antminer_S21_XP,PIEMFMABDJHBH01JY,PIEMFMUBDJHBH01JY,P1,42,9/22/2025 0:00,B33S1
10.223.3.6,02:83:7B:14:C2:94,Antminer_S21_XP,PIEMFMABDJHBH00ZB,PIEMFMUBDJHBH00ZB,P1,42,9/22/2025 0:00,B33S1
10.223.31.35,02:97:DB:EC:1E:F3,Antminer_S21_XP,THQGFMABDJHBC0514,THQGFMUBDJHBC0514,P1,63,10/13/2025 0:00,B33S8
10.223.4.13,02:01:99:72:CC:A7,Antminer_S21_XP,THQGFMABDJHBC07N8,THQGFMUBDJHBC07N8,P1,63,10/13/2025 0:00,B33S2
10.223.4.151,02:3F:CB:C9:98:F8,Antminer_S21_XP,THQGFMABDJHBC06G7,THQGFMUBDJHBC06G7,P1,63,10/13/2025 0:00,B33S2
10.223.4.51,02:35:65:88:00:DF,Antminer_S21_XP,THQGFMABDJHBC05R7,THQGFMUBDJHBC05R7,P1,63,10/13/2025 0:00,B33S2
10.223.4.68,02:23:09:6B:EE:87,Antminer_S21_XP,YNAHFMABDJIJC04D5,YNAHFMUBDJIJC04D5,P1,62,10/12/2025 0:00,B33S2
10.223.4.77,02:09:B1:5E:14:A5,Antminer_S21_XP,ONETFMABDJIAB00P1,ONETFMUBDJIAB00P1,P1,67,10/17/2025 0:00,B33S2
10.223.5.107,02:11:A1:66:D9:01,Antminer_S21_XP,YNAHFMABDJIJC04ST,YNAHFMUBDJIJC04ST,P1,62,10/12/2025 0:00,B33S2
10.223.5.79,02:A5:37:E4:19:7B,Antminer_S21_XP,THQGFMABDJIBG00DL,THQGFMUBDJIBG00DL,P1,63,10/13/2025 0:00,B33S2
10.223.5.80,02:91:C5:32:A4:AC,Antminer_S21_XP,ONETFMABDJIAB02P5,ONETFMUBDJIAB02P5,P1,61,10/11/2025 0:00,B33S2
10.223.6.216,02:83:C7:42:D3:B0,Antminer_S21_XP,ONETFMABDJIAB015L,ONETFMUBDJIAB015L,P1,63,10/13/2025 0:00,B33S2
10.223.8.105,02:3B:77:7E:0E:8B,Antminer_S21_XP,NGSBFMABDJIAJ0095,NGSBFMUBDJIAJ0095,P1,48,9/28/2025 0:00,B33S3
10.224.10.2,02:A3:99:0B:19:02,Antminer_S21_XP,YNAHFMABDJIJC02TY,YNAHFMUBDJIJC02TY,P1,74,10/24/2025 0:00,B34S3
10.224.11.153,02:91:D7:0A:CF:BF,Antminer_S21_XP,ONETFMABDJIAB00PF,ONETFMUBDJIAB00PF,P1,62,10/12/2025 0:00,B34S3
10.224.14.103,02:15:FF:81:00:6D,Antminer_S21_XP,THQGFMABDJIBG00YZ,THQGFMUBDJIBG00YZ,P1,68,10/18/2025 0:00,B34S4
10.224.14.118,02:33:FB:3B:2C:22,Antminer_S21_XP,THQGFMABDJHBC03TW,THQGFMUBDJHBC03TW,P1,68,10/18/2025 0:00,B34S4
10.224.14.169,02:BB:55:70:34:22,Antminer_S21_XP,PIEMFMABDJHBH06GZ,PIEMFMUBDJHBH06GZ,P1,82,11/1/2025 0:00,B34S4
10.224.14.202,02:97:51:97:D0:E4,Antminer_S21_XP,THQGFMABDJHBC04YV,THQGFMUBDJHBC04YV,P1,68,10/18/2025 0:00,B34S4
10.224.14.219,02:B1:07:12:35:30,Antminer_S21_XP,THQGFMABDJHBC090L,THQGFMUBDJHBC090L,P1,71,10/21/2025 0:00,B34S4
10.224.14.242,02:1B:07:1D:49:09,Antminer_S21_XP,THQGFMABDJHBC09LL,THQGFMUBDJHBC09LL,P1,71,10/21/2025 0:00,B34S4
10.224.15.69,02:03:D1:4C:66:95,Antminer_S21_XP,THQGFMABDJHBC047G,THQGFMUBDJHBC047G,P1,70,10/20/2025 0:00,B34S4
10.224.18.132,02:95:85:BA:99:6E,Antminer_S21_XP,THQGFMABDJHBC05KY,THQGFMUBDJHBC05KY,P1,63,10/13/2025 0:00,B34S5
10.224.18.142,02:AD:E7:CC:22:60,Antminer_S21_XP,THQGFMABDJHBC05VF,THQGFMUBDJHBC05VF,P1,63,10/13/2025 0:00,B34S5
10.224.18.154,02:B9:CF:3F:CB:03,Antminer_S21_XP,THQGFMABDJHBC05VG,THQGFMUBDJHBC05VG,P1,63,10/13/2025 0:00,B34S5
10.224.18.183,02:11:15:40:D2:AD,Antminer_S21_XP,ONETFMABDJIAB02E0,ONETFMUBDJIAB02E0,P1,63,10/13/2025 0:00,B34S5
10.224.18.209,02:2B:CD:20:55:28,Antminer_S21_XP,ONETFMABDJIAB02DD,ONETFMUBDJIAB02DD,P1,63,10/13/2025 0:00,B34S5
10.224.18.211,02:1F:7B:CD:85:D7,Antminer_S21_XP,THQGFMABDJIBG00KA,THQGFMUBDJIBG00KA,P1,63,10/13/2025 0:00,B34S5
10.224.18.23,02:27:D9:F3:A1:D2,Antminer_S21_XP,THQGFMABDJIBG00XL,THQGFMUBDJIBG00XL,P1,68,10/18/2025 0:00,B34S5
10.224.18.34,02:AF:C9:E3:5C:6B,Antminer_S21_XP,THQGFMABDJHBC04DH,THQGFMUBDJHBC04DH,P1,64,10/14/2025 0:00,B34S5
10.224.18.68,02:9B:77:67:9F:0D,Antminer_S21_XP,THQGFMABDJHBC03WA,THQGFMUBDJHBC03WA,P1,68,10/18/2025 0:00,B34S5
10.224.18.69,02:01:73:2F:E0:87,Antminer_S21_XP,THQGFMABDJHBC03S0,THQGFMUBDJHBC03S0,P1,68,10/18/2025 0:00,B34S5
10.224.18.78,02:1B:AD:01:B0:83,Antminer_S21_XP,THQGFMABDJHBC03TA,THQGFMUBDJHBC03TA,P1,68,10/18/2025 0:00,B34S5
10.224.19.102,02:1B:99:5C:1B:9C,Antminer_S21_XP,ONETFMABDJIAB029Y,ONETFMUBDJIAB029Y,P1,61,10/11/2025 0:00,B34S5
10.224.19.112,02:0D:21:BB:0A:42,Antminer_S21_XP,THQGFMABDJIBG007E,THQGFMUBDJIBG007E,P1,64,10/14/2025 0:00,B34S5
10.224.19.18,02:9D:53:B4:D8:E8,Antminer_S21_XP,THQGFMABDJIBG00MG,THQGFMUBDJIBG00MG,P1,64,10/14/2025 0:00,B34S5
10.224.20.101,02:2D:4F:EF:80:DA,Antminer_S21_XP,PIEMFMABDJHBH04C0,PIEMFMUBDJHBH04C0,P1,53,10/3/2025 0:00,B34S6
10.224.20.119,02:11:3F:47:9F:24,Antminer_S21_XP,PIEMFMABDJHBH03BX,PIEMFMUBDJHBH03BX,P1,48,9/28/2025 0:00,B34S6
10.224.20.137,02:B1:9F:28:AA:9D,Antminer_S21_XP,PIEMFMABDJHBH038Y,PIEMFMUBDJHBH038Y,P1,48,9/28/2025 0:00,B34S6
10.224.20.144,02:13:11:76:4C:A6,Antminer_S21_XP,ONETFMABDJIAB02GA,ONETFMUBDJIAB02GA,P1,62,10/12/2025 0:00,B34S6
10.224.20.185,02:23:2B:21:A3:38,Antminer_S21_XP,YNAHFMABDJIJC01GB,YNAHFMUBDJIJC01GB,P1,49,9/29/2025 0:00,B34S6
10.224.20.20,02:3F:01:CC:1C:E4,Antminer_S21_XP,PIEMFMABDJHBH03ZR,PIEMFMUBDJHBH03ZR,P1,53,10/3/2025 0:00,B34S6
10.224.20.205,02:9B:4F:14:0E:8E,Antminer_S21_XP,YNAHFMABDJIJC03L6,YNAHFMUBDJIJC03L6,P1,62,10/12/2025 0:00,B34S6
10.224.20.247,02:01:09:5A:31:36,Antminer_S21_XP,YNAHFMABDJIJC03S4,YNAHFMUBDJIJC03S4,P1,62,10/12/2025 0:00,B34S6
10.224.20.48,02:A1:1F:23:88:B1,Antminer_S21_XP,PIEMFMABDJHBH034N,PIEMFMUBDJHBH034N,P1,48,9/28/2025 0:00,B34S6
10.224.20.93,02:3B:13:59:AF:05,Antminer_S21_XP,PIEMFMABDJHBH03B1,PIEMFMUBDJHBH03B1,P1,48,9/28/2025 0:00,B34S6
10.224.20.98,02:2B:A1:0C:BE:3B,Antminer_S21_XP,YNAHFMABDJIJC01SK,YNAHFMUBDJIJC01SK,P1,49,9/29/2025 0:00,B34S6
10.224.21.146,02:23:C5:38:60:0B,Antminer_S21_XP,PIEMFMABDJHBH04C1,PIEMFMUBDJHBH04C1,P1,53,10/3/2025 0:00,B34S6
10.224.21.52,02:03:63:06:67:37,Antminer_S21_XP,YNAHFMABDJIJC02T1,YNAHFMUBDJIJC02T1,P1,62,10/12/2025 0:00,B34S6
10.224.21.67,02:B7:17:D7:20:F8,Antminer_S21_XP,THQGFMABDJHBC07N0,THQGFMUBDJHBC07N0,P1,63,10/13/2025 0:00,B34S6
10.224.21.92,02:11:61:50:D5:19,Antminer_S21_XP,PIEMFMABDJHBH039N,PIEMFMUBDJHBH039N,P1,48,9/28/2025 0:00,B34S6
10.224.22.14,02:9F:31:87:6A:5B,Antminer_S21_XP,THQGFMABDJHBC067J,THQGFMUBDJHBC067J,P1,63,10/13/2025 0:00,B34S6
10.224.22.150,02:17:07:89:05:C5,Antminer_S21_XP,THQGFMABDJHBC06EB,THQGFMUBDJHBC06EB,P1,63,10/13/2025 0:00,B34S6
10.224.22.200,02:0F:69:80:44:72,Antminer_S21_XP,THQGFMABDJHBC06HS,THQGFMUBDJHBC06HS,P1,63,10/13/2025 0:00,B34S6
10.224.22.233,02:0B:FD:25:B4:9E,Antminer_S21_XP,ONETFMABDJIAB01FA,ONETFMUBDJIAB01FA,P1,63,10/13/2025 0:00,B34S6
10.224.22.235,02:11:7D:32:96:A1,Antminer_S21_XP,THQGFMABDJHBC082S,THQGFMUBDJHBC082S,P1,63,10/13/2025 0:00,B34S6
10.224.22.53,02:89:8D:0B:DA:9A,Antminer_S21_XP,ONETFMABDJIAB0192,ONETFMUBDJIAB0192,P1,63,10/13/2025 0:00,B34S6
10.224.23.108,02:05:C7:B9:F2:7F,Antminer_S21_XP,THQGFMABDJHBC06ZV,THQGFMUBDJHBC06ZV,P1,63,10/13/2025 0:00,B34S6
10.224.23.12,02:91:17:45:2C:BB,Antminer_S21_XP,ONETFMABDJIAB02NF,ONETFMUBDJIAB02NF,P1,61,10/11/2025 0:00,B34S6
10.224.23.140,02:29:B3:0E:50:A0,Antminer_S21_XP,THQGFMABDJHBC06AD,THQGFMUBDJHBC06AD,P1,63,10/13/2025 0:00,B34S6
10.224.23.141,02:2F:0D:A2:B2:6A,Antminer_S21_XP,THQGFMABDJHJA00SP,THQGFMUBDJHJA00SP,P1,63,10/13/2025 0:00,B34S6
10.224.23.15,02:0D:2B:8A:D6:4E,Antminer_S21_XP,THQGFMABDJIBG00S3,THQGFMUBDJIBG00S3,P1,63,10/13/2025 0:00,B34S6
10.224.23.42,02:BB:85:75:BE:10,Antminer_S21_XP,THQGFMABDJHBC05A8,THQGFMUBDJHBC05A8,P1,63,10/13/2025 0:00,B34S6
10.224.23.84,02:87:63:8A:45:46,Antminer_S21_XP,THQGFMABDJHBC06HW,THQGFMUBDJHBC06HW,P1,63,10/13/2025 0:00,B34S6
10.224.24.157,02:A9:6D:2C:64:92,Antminer_S21_XP,YNAHFMABDJIJC02WH,YNAHFMUBDJIJC02WH,P1,62,10/12/2025 0:00,B34S7
10.224.24.16,02:2D:C7:86:41:E1,Antminer_S21_XP,THQGFMABDJHBC06FA,THQGFMUBDJHBC06FA,P1,63,10/13/2025 0:00,B34S7
10.224.24.163,02:81:C5:24:23:92,Antminer_S21_XP,YNAHFMABDJIJC02WM,YNAHFMUBDJIJC02WM,P1,62,10/12/2025 0:00,B34S7
10.224.24.171,02:AB:73:57:31:A7,Antminer_S21_XP,YNAHFMABDJIJC02WJ,YNAHFMUBDJIJC02WJ,P1,62,10/12/2025 0:00,B34S7
10.224.24.21,02:85:0B:B9:D5:50,Antminer_S21_XP,THQGFMABDJHBC05W6,THQGFMUBDJHBC05W6,P1,63,10/13/2025 0:00,B34S7
10.224.24.253,02:9F:55:C5:B6:E8,Antminer_S21_XP,THQGFMABDJHBC05SY,THQGFMUBDJHBC05SY,P1,63,10/13/2025 0:00,B34S7
10.224.24.30,02:99:19:47:47:0C,Antminer_S21_XP,THQGFMABDJHBC04MP,THQGFMUBDJHBC04MP,P1,63,10/13/2025 0:00,B34S7
10.224.24.38,02:81:01:53:57:12,Antminer_S21_XP,ONETFMABDJIAB00ZG,ONETFMUBDJIAB00ZG,P1,61,10/11/2025 0:00,B34S7
10.224.24.4,02:9F:87:C1:87:F2,Antminer_S21_XP,THQGFMABDJHBC05W9,THQGFMUBDJHBC05W9,P1,63,10/13/2025 0:00,B34S7
10.224.24.46,02:33:6B:11:CF:3A,Antminer_S21_XP,PIEMFMABDJHBH01ZE,PIEMFMUBDJHBH01ZE,P1,53,10/3/2025 0:00,B34S7
10.224.24.48,02:BD:5D:8D:DC:6C,Antminer_S21_XP,THQGFMABDJHBC06GZ,THQGFMUBDJHBC06GZ,P1,63,10/13/2025 0:00,B34S7
10.224.24.51,02:33:A7:74:39:20,Antminer_S21_XP,YNAHFMABDJIJC02XP,YNAHFMUBDJIJC02XP,P1,62,10/12/2025 0:00,B34S7
10.224.24.66,02:89:4B:32:BF:2A,Antminer_S21_XP,THQGFMABDJHBC06PY,THQGFMUBDJHBC06PY,P1,63,10/13/2025 0:00,B34S7
10.224.24.69,02:93:47:14:FD:83,Antminer_S21_XP,YNAHFMABDJIJC037Z,YNAHFMUBDJIJC037Z,P1,62,10/12/2025 0:00,B34S7
10.224.24.76,02:B7:FD:B1:10:41,Antminer_S21_XP,PIEMFMABDJHBH041J,PIEMFMUBDJHBH041J,P1,53,10/3/2025 0:00,B34S7
10.224.24.82,02:17:CF:D7:38:77,Antminer_S21_XP,PIEMFMABDJHBH042L,PIEMFMUBDJHBH042L,P1,53,10/3/2025 0:00,B34S7
10.224.24.84,02:29:EF:23:64:0C,Antminer_S21_XP,YNAHFMABDJIJC03NJ,YNAHFMUBDJIJC03NJ,P1,62,10/12/2025 0:00,B34S7
10.224.24.96,02:23:81:39:01:96,Antminer_S21_XP,PIEMFMABDJHBH041R,PIEMFMUBDJHBH041R,P1,53,10/3/2025 0:00,B34S7
10.224.25.101,02:A9:D1:24:3A:93,Antminer_S21_XP,ONETFMABDJIAB0177,ONETFMUBDJIAB0177,P1,62,10/12/2025 0:00,B34S7
10.224.25.117,02:8B:4D:22:B0:BC,Antminer_S21_XP,ONETFMABDJIAB016F,ONETFMUBDJIAB016F,P1,61,10/11/2025 0:00,B34S7
10.224.25.129,02:A1:BB:61:03:01,Antminer_S21_XP,YNAHFMABDJIJC03H4,YNAHFMUBDJIJC03H4,P1,62,10/12/2025 0:00,B34S7
10.224.25.144,02:2D:7D:F2:AD:5F,Antminer_S21_XP,THQGFMABDJHBC064R,THQGFMUBDJHBC064R,P1,63,10/13/2025 0:00,B34S7
10.224.25.32,02:AB:E5:2E:C3:96,Antminer_S21_XP,YNAHFMABDJIJC03H2,YNAHFMUBDJIJC03H2,P1,62,10/12/2025 0:00,B34S7
10.224.25.36,02:39:E1:54:8C:9F,Antminer_S21_XP,YNAHFMABDJIJC02X1,YNAHFMUBDJIJC02X1,P1,62,10/12/2025 0:00,B34S7
10.224.25.37,02:AB:4D:40:17:B9,Antminer_S21_XP,ONETFMABDJIAB00L2,ONETFMUBDJIAB00L2,P1,62,10/12/2025 0:00,B34S7
10.224.25.43,02:33:E1:59:EA:95,Antminer_S21_XP,ONETFMABDJIAB014M,ONETFMUBDJIAB014M,P1,61,10/11/2025 0:00,B34S7
10.224.25.62,02:11:8D:62:02:AF,Antminer_S21_XP,ONETFMABDJIAB00C2,ONETFMUBDJIAB00C2,P1,62,10/12/2025 0:00,B34S7
10.224.25.71,02:2F:11:93:D8:C6,Antminer_S21_XP,THQGFMABDJHBC06KZ,THQGFMUBDJHBC06KZ,P1,63,10/13/2025 0:00,B34S7
10.224.25.82,02:BF:03:B4:EC:5E,Antminer_S21_XP,THQGFMABDJHBC060G,THQGFMUBDJHBC060G,P1,63,10/13/2025 0:00,B34S7
10.224.25.83,02:19:FB:7E:18:BA,Antminer_S21_XP,ONETFMABDJIAB00YP,ONETFMUBDJIAB00YP,P1,61,10/11/2025 0:00,B34S7
10.224.25.84,02:8D:07:F4:A2:E2,Antminer_S21_XP,THQGFMABDJHBC05SP,THQGFMUBDJHBC05SP,P1,63,10/13/2025 0:00,B34S7
10.224.25.94,02:23:6F:0D:C7:94,Antminer_S21_XP,ONETFMABDJIAB00KL,ONETFMUBDJIAB00KL,P1,62,10/12/2025 0:00,B34S7
10.224.26.100,02:39:67:20:C7:00,Antminer_S21_XP,ONETFMABDJIAB00ZF,ONETFMUBDJIAB00ZF,P1,67,10/17/2025 0:00,B34S7
10.224.26.103,02:BB:53:3E:1F:9A,Antminer_S21_XP,YNAHFMABDJIJC03ZH,YNAHFMUBDJIJC03ZH,P1,62,10/12/2025 0:00,B34S7
10.224.26.122,02:0B:93:69:A8:A2,Antminer_S21_XP,YNAHFMABDJIJC048R,YNAHFMUBDJIJC048R,P1,62,10/12/2025 0:00,B34S7
10.224.26.124,02:AB:5D:34:60:28,Antminer_S21_XP,YNAHFMABDJIJC04N4,YNAHFMUBDJIJC04N4,P1,62,10/12/2025 0:00,B34S7
10.224.26.132,02:93:6B:75:44:BC,Antminer_S21_XP,YNAHFMABDJIJC02WN,YNAHFMUBDJIJC02WN,P1,62,10/12/2025 0:00,B34S7
10.224.26.145,02:8B:E7:35:9F:04,Antminer_S21_XP,YNAHFMABDJIJC0424,YNAHFMUBDJIJC0424,P1,62,10/12/2025 0:00,B34S7
10.224.26.170,02:87:35:FB:02:71,Antminer_S21_XP,THQGFMABDJHBC06Z7,THQGFMUBDJHBC06Z7,P1,63,10/13/2025 0:00,B34S7
10.224.26.172,02:19:63:4C:72:8A,Antminer_S21_XP,THQGFMABDJHBC05MD,THQGFMUBDJHBC05MD,P1,63,10/13/2025 0:00,B34S7
10.224.26.214,02:03:87:22:71:87,Antminer_S21_XP,THQGFMABDJHBC0643,THQGFMUBDJHBC0643,P1,63,10/13/2025 0:00,B34S7
10.224.26.215,02:8D:BD:95:96:D5,Antminer_S21_XP,PIEMFMABDJHBH02Y8,PIEMFMUBDJHBH02Y8,P1,54,10/4/2025 0:00,B34S7
10.224.26.216,02:3B:0D:19:81:84,Antminer_S21_XP,PIEMFMABDJHBH0373,PIEMFMUBDJHBH0373,P1,48,9/28/2025 0:00,B34S7
10.224.26.219,02:09:7F:38:E5:01,Antminer_S21_XP,YNAHFMABDJIJC04VR,YNAHFMUBDJIJC04VR,P1,62,10/12/2025 0:00,B34S7
10.224.26.225,02:01:A9:5C:B9:AA,Antminer_S21_XP,THQGFMABDJHBC05Z0,THQGFMUBDJHBC05Z0,P1,63,10/13/2025 0:00,B34S7
10.224.26.235,02:03:C3:21:92:17,Antminer_S21_XP,YNAHFMABDJIJC01WX,YNAHFMUBDJIJC01WX,P1,49,9/29/2025 0:00,B34S7
10.224.26.248,02:95:B1:A2:AA:7C,Antminer_S21_XP,YNAHFMABDJIJC01D4,YNAHFMUBDJIJC01D4,P1,49,9/29/2025 0:00,B34S7
10.224.26.42,02:83:C3:01:12:B7,Antminer_S21_XP,YNAHFMABDJIJC04N7,YNAHFMUBDJIJC04N7,P1,62,10/12/2025 0:00,B34S7
10.224.26.55,02:01:99:40:BE:2B,Antminer_S21_XP,THQGFMABDJHBC06S5,THQGFMUBDJHBC06S5,P1,63,10/13/2025 0:00,B34S7
10.224.26.70,02:B1:43:33:F5:39,Antminer_S21_XP,ONETFMABDJIAB01DH,ONETFMUBDJIAB01DH,P1,63,10/13/2025 0:00,B34S7
10.224.26.71,02:8B:C3:28:B7:1D,Antminer_S21_XP,THQGFMABDJHBC05M9,THQGFMUBDJHBC05M9,P1,63,10/13/2025 0:00,B34S7
10.224.26.75,02:A9:13:59:A1:2B,Antminer_S21_XP,THQGFMABDJHBC06RS,THQGFMUBDJHBC06RS,P1,63,10/13/2025 0:00,B34S7
10.224.26.81,02:99:47:2F:12:8F,Antminer_S21_XP,ONETFMABDJIAB00Z1,ONETFMUBDJIAB00Z1,P1,67,10/17/2025 0:00,B34S7
10.224.26.86,02:91:6D:7F:D4:87,Antminer_S21_XP,ONETFMABDJIAB0164,ONETFMUBDJIAB0164,P1,67,10/17/2025 0:00,B34S7
10.224.26.88,02:B9:A9:42:85:18,Antminer_S21_XP,THQGFMABDJHBC06S2,THQGFMUBDJHBC06S2,P1,63,10/13/2025 0:00,B34S7
10.224.26.90,02:21:85:5F:B9:03,Antminer_S21_XP,YNAHFMABDJIJC03VT,YNAHFMUBDJIJC03VT,P1,62,10/12/2025 0:00,B34S7
10.224.27.1,02:B9:21:59:B7:84,Antminer_S21_XP,PIEMFMABDJHBH02M2,PIEMFMUBDJHBH02M2,P1,54,10/4/2025 0:00,B34S7
10.224.27.105,02:B1:B3:03:FB:80,Antminer_S21_XP,ONETFMABDJIAB024T,ONETFMUBDJIAB024T,P1,62,10/12/2025 0:00,B34S7
10.224.27.122,02:A7:2D:C7:83:C7,Antminer_S21_XP,THQGFMABDJHBC060K,THQGFMUBDJHBC060K,P1,63,10/13/2025 0:00,B34S7
10.224.27.129,02:17:2D:CD:02:4C,Antminer_S21_XP,THQGFMABDJHBC05T1,THQGFMUBDJHBC05T1,P1,63,10/13/2025 0:00,B34S7
10.224.27.148,02:A9:5B:34:B3:05,Antminer_S21_XP,THQGFMABDJHBC069K,THQGFMUBDJHBC069K,P1,63,10/13/2025 0:00,B34S7
10.224.27.156,02:0F:FF:B5:87:EA,Antminer_S21_XP,THQGFMABDJHJA01DA,THQGFMUBDJHJA01DA,P1,27,9/7/2025 0:00,B34S7
10.224.27.16,02:39:99:54:7A:27,Antminer_S21_XP,ONETFMABDJIAB001J,ONETFMUBDJIAB001J,P1,61,10/11/2025 0:00,B34S7
10.224.27.31,02:BB:AF:5B:0F:3D,Antminer_S21_XP,ONETFMABDJIAB011X,ONETFMUBDJIAB011X,P1,61,10/11/2025 0:00,B34S7
10.224.27.51,02:39:55:60:91:2A,Antminer_S21_XP,ONETFMABDJIAB00FK,ONETFMUBDJIAB00FK,P1,62,10/12/2025 0:00,B34S7
10.224.27.7,02:B9:67:19:84:92,Antminer_S21_XP,ONETFMABDJIAB02KD,ONETFMUBDJIAB02KD,P1,62,10/12/2025 0:00,B34S7
10.224.27.77,02:1B:63:51:DF:97,Antminer_S21_XP,ONETFMABDJIAB019C,ONETFMUBDJIAB019C,P1,61,10/11/2025 0:00,B34S7
10.224.27.98,02:B3:DD:58:72:A7,Antminer_S21_XP,ONETFMABDJIAB014B,ONETFMUBDJIAB014B,P1,61,10/11/2025 0:00,B34S7
10.224.28.100,02:93:0B:22:6F:A7,Antminer_S21_XP,ONETFMABDJIAB01JX,ONETFMUBDJIAB01JX,P1,62,10/12/2025 0:00,B34S8
10.224.28.115,02:13:09:06:23:AA,Antminer_S21_XP,ONETFMABDJIAB021C,ONETFMUBDJIAB021C,P1,62,10/12/2025 0:00,B34S8
10.224.28.134,02:33:6B:59:0C:8D,Antminer_S21_XP,YNAHFMABDJIJC03F4,YNAHFMUBDJIJC03F4,P1,62,10/12/2025 0:00,B34S8
10.224.28.137,02:2B:DB:73:CD:84,Antminer_S21_XP,ONETFMABDJIAB01G8,ONETFMUBDJIAB01G8,P1,62,10/12/2025 0:00,B34S8
10.224.28.139,02:33:29:2A:E6:BF,Antminer_S21_XP,YNAHFMABDJIJC0366,YNAHFMUBDJIJC0366,P1,62,10/12/2025 0:00,B34S8
10.224.28.14,02:03:7B:14:24:37,Antminer_S21_XP,ONETFMABDJIAB00Y1,ONETFMUBDJIAB00Y1,P1,62,10/12/2025 0:00,B34S8
10.224.28.142,02:B3:1F:3E:E1:B2,Antminer_S21_XP,YNAHFMABDJIJC03HR,YNAHFMUBDJIJC03HR,P1,62,10/12/2025 0:00,B34S8
10.224.28.155,02:A1:8B:55:8C:B0,Antminer_S21_XP,ONETFMABDJIAB02GD,ONETFMUBDJIAB02GD,P1,63,10/13/2025 0:00,B34S8
10.224.28.157,02:B3:A7:09:CF:A4,Antminer_S21_XP,YNAHFMABDJIJC0417,YNAHFMUBDJIJC0417,P1,62,10/12/2025 0:00,B34S8
10.224.28.166,02:03:BB:1C:92:98,Antminer_S21_XP,ONETFMABDJIAB01PG,ONETFMUBDJIAB01PG,P1,61,10/11/2025 0:00,B34S8
10.224.28.167,02:89:67:3F:8B:82,Antminer_S21_XP,YNAHFMABDJIJC03GR,YNAHFMUBDJIJC03GR,P1,62,10/12/2025 0:00,B34S8
10.224.28.2,02:89:1F:7A:06:35,Antminer_S21_XP,YNAHFMABDJIJC02PX,YNAHFMUBDJIJC02PX,P1,62,10/12/2025 0:00,B34S8
10.224.28.38,02:29:35:4E:02:0C,Antminer_S21_XP,ONETFMABDJIAB02BD,ONETFMUBDJIAB02BD,P1,61,10/11/2025 0:00,B34S8
10.224.28.44,02:23:E5:1A:1D:90,Antminer_S21_XP,YNAHFMABDJIJC03DH,YNAHFMUBDJIJC03DH,P1,62,10/12/2025 0:00,B34S8
10.224.28.69,02:93:99:7B:38:86,Antminer_S21_XP,THQGFMABDJHBC05J7,THQGFMUBDJHBC05J7,P1,63,10/13/2025 0:00,B34S8
10.224.28.93,02:13:25:58:1D:8A,Antminer_S21_XP,ONETFMABDJIAB0248,ONETFMUBDJIAB0248,P1,62,10/12/2025 0:00,B34S8
10.224.28.99,02:8B:5D:36:14:80,Antminer_S21_XP,ONETFMABDJIAB02F2,ONETFMUBDJIAB02F2,P1,62,10/12/2025 0:00,B34S8
10.224.29.113,02:91:73:7F:98:91,Antminer_S21_XP,ONETFMABDJIAB011T,ONETFMUBDJIAB011T,P1,61,10/11/2025 0:00,B34S8
10.224.29.130,02:03:51:29:5B:A4,Antminer_S21_XP,ONETFMABDJIAB00WL,ONETFMUBDJIAB00WL,P1,62,10/12/2025 0:00,B34S8
10.224.29.131,02:29:F5:37:BC:97,Antminer_S21_XP,THQGFMABDJHBC06YM,THQGFMUBDJHBC06YM,P1,63,10/13/2025 0:00,B34S8
10.224.29.138,02:99:2F:3A:44:BF,Antminer_S21_XP,ONETFMABDJIAB0206,ONETFMUBDJIAB0206,P1,62,10/12/2025 0:00,B34S8
10.224.29.139,02:09:69:02:CA:02,Antminer_S21_XP,ONETFMABDJIAB01G3,ONETFMUBDJIAB01G3,P1,62,10/12/2025 0:00,B34S8
10.224.29.27,02:B9:DB:43:68:14,Antminer_S21_XP,ONETFMABDJIAB012G,ONETFMUBDJIAB012G,P1,61,10/11/2025 0:00,B34S8
10.224.29.31,02:29:ED:2F:95:AD,Antminer_S21_XP,ONETFMABDJIAB02GB,ONETFMUBDJIAB02GB,P1,61,10/11/2025 0:00,B34S8
10.224.29.5,02:13:9F:05:06:1D,Antminer_S21_XP,ONETFMABDJIAB02CN,ONETFMUBDJIAB02CN,P1,61,10/11/2025 0:00,B34S8
10.224.29.63,02:29:E7:50:63:BD,Antminer_S21_XP,ONETFMABDJIAB013M,ONETFMUBDJIAB013M,P1,61,10/11/2025 0:00,B34S8
10.224.30.105,02:29:7F:32:9C:1C,Antminer_S21_XP,PIEMFMABDJHBH03AN,PIEMFMUBDJHBH03AN,P1,48,9/28/2025 0:00,B34S8
10.224.30.108,02:37:A7:E2:D4:47,Antminer_S21_XP,YNAHFMABDJIJC04M3,YNAHFMUBDJIJC04M3,P1,62,10/12/2025 0:00,B34S8
10.224.30.111,02:B5:CF:AC:43:73,Antminer_S21_XP,YNAHFMABDJIJC00ZJ,YNAHFMUBDJIJC00ZJ,P1,50,9/30/2025 0:00,B34S8
10.224.30.119,02:BB:5B:21:87:92,Antminer_S21_XP,PIEMFMABDJHBH06K5,PIEMFMUBDJHBH06K5,P1,82,11/1/2025 0:00,B34S8
10.224.30.122,02:21:C9:05:C5:1C,Antminer_S21_XP,PIEMFMABDJHBH05VX,PIEMFMUBDJHBH05VX,P1,82,11/1/2025 0:00,B34S8
10.224.30.126,02:87:2B:BB:36:F2,Antminer_S21_XP,PIEMFMABDJHBH01WD,PIEMFMUBDJHBH01WD,P1,48,9/28/2025 0:00,B34S8
10.224.30.129,02:B3:FF:41:CF:BA,Antminer_S21_XP,PIEMFMABDJHBH03S0,PIEMFMUBDJHBH03S0,P1,48,9/28/2025 0:00,B34S8
10.224.30.132,02:33:5D:30:89:38,Antminer_S21_XP,YNAHFMABDJIJC021R,YNAHFMUBDJIJC021R,P1,49,9/29/2025 0:00,B34S8
10.224.30.136,02:A1:89:1D:F9:38,Antminer_S21_XP,YNAHFMABDJIJC02ZT,YNAHFMUBDJIJC02ZT,P1,62,10/12/2025 0:00,B34S8
10.224.30.141,02:89:E5:1E:A1:87,Antminer_S21_XP,THQGFMABDJHBC055X,THQGFMUBDJHBC055X,P1,63,10/13/2025 0:00,B34S8
10.224.30.144,02:87:97:BA:43:F5,Antminer_S21_XP,THQGFMABDJHBC05MM,THQGFMUBDJHBC05MM,P1,63,10/13/2025 0:00,B34S8
10.224.30.145,02:91:85:14:07:9A,Antminer_S21_XP,ONETFMABDJIAB02M5,ONETFMUBDJIAB02M5,P1,62,10/12/2025 0:00,B34S8
10.224.30.150,02:03:11:06:1D:8F,Antminer_S21_XP,ONETFMABDJIAB00VD,ONETFMUBDJIAB00VD,P1,67,10/17/2025 0:00,B34S8
10.224.30.155,02:2B:B7:74:F8:12,Antminer_S21_XP,YNAHFMABDJIJC04W0,YNAHFMUBDJIJC04W0,P1,62,10/12/2025 0:00,B34S8
10.224.30.163,02:1B:ED:42:9F:9F,Antminer_S21_XP,ONETFMABDJIAB00CZ,ONETFMUBDJIAB00CZ,P1,62,10/12/2025 0:00,B34S8
10.224.30.164,02:87:05:91:CA:62,Antminer_S21_XP,THQGFMABDJHBC040M,THQGFMUBDJHBC040M,P1,63,10/13/2025 0:00,B34S8
10.224.30.174,02:31:35:68:C5:19,Antminer_S21_XP,YNAHFMABDJIJC0383,YNAHFMUBDJIJC0383,P1,62,10/12/2025 0:00,B34S8
10.224.30.192,02:89:0D:68:07:0E,Antminer_S21_XP,YNAHFMABDJIJC050J,YNAHFMUBDJIJC050J,P1,62,10/12/2025 0:00,B34S8
10.224.30.211,02:89:0D:47:9E:B5,Antminer_S21_XP,YNAHFMABDJIJC04C5,YNAHFMUBDJIJC04C5,P1,62,10/12/2025 0:00,B34S8
10.224.30.217,02:97:6D:96:C7:F6,Antminer_S21_XP,THQGFMABDJHBC05FL,THQGFMUBDJHBC05FL,P1,63,10/13/2025 0:00,B34S8
10.224.30.237,02:A3:A3:37:B7:15,Antminer_S21_XP,THQGFMABDJHBC0868,THQGFMUBDJHBC0868,P1,63,10/13/2025 0:00,B34S8
10.224.30.239,02:29:69:41:53:A5,Antminer_S21_XP,ONETFMABDJIAB00K3,ONETFMUBDJIAB00K3,P1,62,10/12/2025 0:00,B34S8
10.224.30.249,02:0D:E9:94:B9:7C,Antminer_S21_XP,THQGFMABDJIBG00PA,THQGFMUBDJIBG00PA,P1,63,10/13/2025 0:00,B34S8
10.224.30.251,02:8B:E5:09:93:32,Antminer_S21_XP,YNAHFMABDJIJC038D,YNAHFMUBDJIJC038D,P1,62,10/12/2025 0:00,B34S8
10.224.30.254,02:13:8B:65:4B:A5,Antminer_S21_XP,THQGFMABDJIBG00GK,THQGFMUBDJIBG00GK,P1,63,10/13/2025 0:00,B34S8
10.224.30.55,02:99:F5:10:2D:A0,Antminer_S21_XP,YNAHFMABDJIJC0432,YNAHFMUBDJIJC0432,P1,62,10/12/2025 0:00,B34S8
10.224.30.81,02:0D:BB:91:3D:EE,Antminer_S21_XP,YNAHFMABDJIJC011P,YNAHFMUBDJIJC011P,P1,50,9/30/2025 0:00,B34S8
10.224.30.98,02:09:5B:1C:A0:9E,Antminer_S21_XP,ONETFMABDJIAB00W6,ONETFMUBDJIAB00W6,P1,67,10/17/2025 0:00,B34S8
10.224.31.10,02:1F:1B:96:68:F0,Antminer_S21_XP,THQGFMABDJHBC05S6,THQGFMUBDJHBC05S6,P1,63,10/13/2025 0:00,B34S8
10.224.31.100,02:0F:69:BE:D1:46,Antminer_S21_XP,THQGFMABDJHBC07A4,THQGFMUBDJHBC07A4,P1,63,10/13/2025 0:00,B34S8
10.224.31.114,02:33:97:79:DA:88,Antminer_S21_XP,ONETFMABDJIAB00M8,ONETFMUBDJIAB00M8,P1,62,10/12/2025 0:00,B34S8
10.224.31.145,02:B3:1D:2A:CE:1A,Antminer_S21_XP,ONETFMABDJIAB02M3,ONETFMUBDJIAB02M3,P1,62,10/12/2025 0:00,B34S8
10.224.31.148,02:2B:31:2C:9F:3A,Antminer_S21_XP,THQGFMABDJHBC06RN,THQGFMUBDJHBC06RN,P1,63,10/13/2025 0:00,B34S8
10.224.31.27,02:AF:85:85:5A:78,Antminer_S21_XP,THQGFMABDJHBC06XM,THQGFMUBDJHBC06XM,P1,63,10/13/2025 0:00,B34S8
10.224.31.30,02:07:EB:86:AA:FC,Antminer_S21_XP,THQGFMABDJHBC04NM,THQGFMUBDJHBC04NM,P1,63,10/13/2025 0:00,B34S8
10.224.31.59,02:BD:63:B0:CC:F8,Antminer_S21_XP,THQGFMABDJHBC043L,THQGFMUBDJHBC043L,P1,63,10/13/2025 0:00,B34S8
10.224.31.62,02:11:31:21:07:A4,Antminer_S21_XP,THQGFMABDJHBC043M,THQGFMUBDJHBC043M,P1,63,10/13/2025 0:00,B34S8
10.224.4.99,02:A3:D1:0E:00:0C,Antminer_S21_XP,YNAHFMABDJIJC03WN,YNAHFMUBDJIJC03WN,P1,71,10/21/2025 0:00,B34S2
10.224.9.109,02:0C:AE:D0:88:59,Antminer_S21_XP,THQGFMABDJIBG066J,THQGFMUBDJIBG066J,P1,85,11/4/2025 0:00,B34S3
10.225.22.5,02:A3:47:3B:AA:01,Antminer_S21_XP,YNAHFMABDJIJC024B,YNAHFMUBDJIJC024B,P1,84,11/3/2025 0:00,B35S6
10.225.24.153,02:1D:39:EA:28:DF,Antminer_S21_XP,THQGFMABDJIBG03TF,THQGFMUBDJIBG03TF,P1,81,10/31/2025 0:00,B35S7
10.225.24.181,02:2B:35:45:A8:21,Antminer_S21_XP,THQGFMABDJIBG018T,THQGFMUBDJIBG018T,P1,92,11/11/2025 0:00,B35S7
10.225.24.38,02:03:6F:58:23:1A,Antminer_S21_XP,THQGFMABDJIBG018Z,THQGFMUBDJIBG018Z,P1,92,11/11/2025 0:00,B35S7
10.225.28.112,02:0D:39:E4:80:65,Antminer_S21_XP,PIEMFMABDJHBH06W8,PIEMFMUBDJHBH06W8,P1,86,11/5/2025 0:00,B35S8
10.225.28.120,02:99:0B:68:5A:8F,Antminer_S21_XP,THQGFMABDJIBG03NN,THQGFMUBDJIBG03NN,P1,81,10/31/2025 0:00,B35S8
10.225.28.121,02:1D:F9:82:22:70,Antminer_S21_XP,THQGFMABDJIBG05C3,THQGFMUBDJIBG05C3,P1,85,11/4/2025 0:00,B35S8
10.225.28.45,02:A1:09:05:EB:3F,Antminer_S21_XP,PIEMFMABDJHBH05V5,PIEMFMUBDJHBH05V5,P1,82,11/1/2025 0:00,B35S8
10.225.30.168,02:33:29:7A:40:B6,Antminer_S21_XP,THQGFMABDJIBG01XA,THQGFMUBDJIBG01XA,P1,98,11/17/2025 0:00,B35S8
10.225.30.3,02:1B:4B:25:98:82,Antminer_S21_XP,THQGFMABDJIBG01NW,THQGFMUBDJIBG01NW,P1,95,11/14/2025 0:00,B35S8
10.225.30.5,02:9F:F7:BA:58:5F,Antminer_S21_XP,THQGFMABDJIBG04D3,THQGFMUBDJIBG04D3,P1,81,10/31/2025 0:00,B35S8
10.226.24.201,02:BC:3E:98:E3:D4,Antminer_S21_XP,THQGFMABDJIBG0569,THQGFMUBDJIBG0569,P1,84,11/3/2025 0:00,B36S7
10.226.24.208,02:39:7D:03:AD:A9,Antminer_S21_XP,THQGFMABDJIBG060V,THQGFMUBDJIBG060V,P1,88,11/7/2025 0:00,B36S7
10.226.25.109,02:15:75:A6:3B:4F,Antminer_S21_XP,THQGFMABDJIBG03W8,THQGFMUBDJIBG03W8,P1,81,10/31/2025 0:00,B36S7
10.226.25.28,02:A5:03:92:96:C6,Antminer_S21_XP,THQGFMABDJIBG02K3,THQGFMUBDJIBG02K3,P1,92,11/11/2025 0:00,B36S7
10.226.25.99,02:8C:B4:B5:6A:D1,Antminer_S21_XP,THQGFMABDJIBG04Z1,THQGFMUBDJIBG04Z1,P1,87,11/6/2025 0:00,B36S7
10.226.26.153,02:8E:AA:AB:C9:52,Antminer_S21_XP,THQGFMABDJIBG03RT,THQGFMUBDJIBG03RT,P1,81,10/31/2025 0:00,B36S7
